set,images,brightness_mean,brightness_min,brightness_max,contrast_mean,object_count_mean,object_count_min,object_count_max
dark,320,21.837914021299035,2.0805724344135803,28.86096530612245,29.209346610302315,26.328125,4,123
bright,320,158.16594990149446,139.8268672839506,222.6299891225526,49.6974109346332,54.690625,1,236
dense,320,107.4156620027488,34.92750961168781,175.78401813271606,48.616881167827316,183.4625,133,902
